Player,Team,Position,Age,Market value,Contract expires,Matches played,Minutes played,Goals,xG,Assists,xA,Duels per 90,"Duels won, %",Birth country,Passport country,Foot,Height,Weight,On loan,Successful defensive actions per 90,Defensive duels per 90,"Defensive duels won, %",Aerial duels per 90,"Aerial duels won, %",Sliding tackles per 90,PAdj Sliding tackles,Shots blocked per 90,Interceptions per 90,PAdj Interceptions,Fouls per 90,Yellow cards,Yellow cards per 90,Red cards,Red cards per 90,Successful attacking actions per 90,Goals per 90,Non-penalty goals,Non-penalty goals per 90,xG per 90,Head goals,Head goals per 90,Shots,Shots per 90,"Shots on target, %","Goal conversion, %",Assists per 90,Crosses per 90,"Accurate crosses, %",Crosses from left flank per 90,"Accurate crosses from left flank, %",Crosses from right flank per 90,"Accurate crosses from right flank, %",Crosses to goalie box per 90,Dribbles per 90,"Successful dribbles, %",Offensive duels per 90,"Offensive duels won, %",Touches in box per 90,Progressive runs per 90,Accelerations per 90,Received passes per 90,Received long passes per 90,Fouls suffered per 90,Passes per 90,"Accurate passes, %",Forward passes per 90,"Accurate forward passes, %",Back passes per 90,"Accurate back passes, %",Lateral passes per 90,"Accurate lateral passes, %",Short / medium passes per 90,"Accurate short / medium passes, %",Long passes per 90,"Accurate long passes, %","Average pass length, m","Average long pass length, m",xA per 90,Shot assists per 90,Second assists per 90,Third assists per 90,Smart passes per 90,"Accurate smart passes, %",Key passes per 90,Passes to final third per 90,"Accurate passes to final third, %",Passes to penalty area per 90,"Accurate passes to penalty area, %",Through passes per 90,"Accurate through passes, %",Deep completions per 90,Deep completed crosses per 90,Progressive passes per 90,"Accurate progressive passes, %",Conceded goals,Conceded goals per 90,Shots against,Shots against per 90,Clean sheets,"Save rate, %",xG against,xG against per 90,Prevented goals,Prevented goals per 90,Back passes received as GK per 90,Exits per 90,Aerial duels per 90,Free kicks per 90,Direct free kicks per 90,"Direct free kicks on target, %",Corners per 90,Penalties taken,"Penalty conversion, %"
J. Morias,Dagenham & Redbridge,"CF, RW, AMF",27,150000,2023-06-30,12,912,6,2.76,3,1.84,16.38,38.55,Jamaica,"Jamaica, England",right,173,68,no,1.68,2.37,50,1.38,21.43,0,0,0,0.49,0.68,0.99,1,0.1,0,0,4.44,0.59,6,0.59,0.27,1,0.1,20,1.97,45,30,0.3,1.88,42.11,0.69,42.86,1.18,41.67,0.59,3.85,69.23,10.07,40.2,3.36,2.37,0.79,14.61,2.07,0.99,22.2,81.33,4.44,62.22,7.01,91.55,6.71,83.82,19.64,86.43,0.69,42.86,16.52,10.94,0.18,1.38,0,0,0.1,100,0.59,2.27,69.57,1.97,60,0.1,0,1.18,1.09,2.57,69.23,0,,0,,0,0,0,0,,,0.79,,,0,0,0,0.1,0,0
A. Marsh,Scunthorpe United,"CF, LAMF",19,100000,2023-06-30,3,190,0,0.05,0,0.17,23.68,44,England,England,,172,60,yes,6.63,4.74,70,3.79,25,0.47,0.73,0,2.84,4.39,1.42,0,0,0,0,2.84,0,0,0,0.02,0,0,2,0.95,0,0,0,2.37,20,1.89,25,0.47,0,0.47,3.79,62.5,11.84,48,1.89,2.37,1.42,9.95,0.47,1.42,20.84,81.82,5.68,83.33,5.68,100,5.21,81.82,17.53,89.19,1.42,66.67,17.66,27.55,0.08,0.47,0,0,0,0,0.47,1.89,75,0.95,100,0,0,0.95,0.47,3.32,85.71,0,,0,,0,0,0,0,,,0,,,0,0,0,0,0,0
S. Nelson,Woking,CF,26,100000,2023-06-30,1,2,0,0,0,0,,,England,England,right,185,75,no,,,,,,,0,,,0,,0,,0,,,,0,,,0,,0,,,0,,,,,,,,,,,,,,,,,,,,,,,,,,,,,,,0,0,,,,,,,,,,,,,,,,,,0,,0,,0,0,0,,,,,,,,,,,0,0
H. Ghandour,Maidstone United,"LAMF, CF, RWB",22,100000,2023-06-30,4,111,0,0.2,0,0.03,29.19,30.56,England,"England, Lebanon",right,189,0,no,5.68,8.11,40,8.11,10,0,0,0,2.43,4.09,2.43,1,0.81,1,0.81,0.81,0,0,0,0.16,0,0,1,0.81,100,0,0,0,0,0,0,0,0,0,0,0,8.11,30,2.43,0,0.81,3.24,0.81,1.62,12.16,73.33,4.05,80,0.81,100,4.05,60,11.35,71.43,0.81,100,15.91,5.58,0.02,0.81,0,0,0,0,0,0.81,100,0.81,0,0,0,0,0,2.43,33.33,0,,0,,0,0,0,0,,,0,,,0,0,0,0,0,0
R. Browne,Wealdstone,CF,26,50000,2023-06-30,13,1092,7,4.51,0,0.61,24.48,33.33,England,"England, Antigua and Barbuda",right,175,75,no,2.31,2.23,62.96,4.53,16.36,0.08,0.12,0,0.82,1.23,0.66,3,0.25,0,0,3.3,0.58,6,0.49,0.37,0,0,28,2.31,42.86,25,0,0.41,40,0.08,0,0.33,50,0,4.53,45.45,13.1,37.11,2.72,1.32,0.74,11.46,1.9,1.81,17.06,80.19,3.79,60.87,6.1,89.19,4.37,83.02,15.74,81.68,0.99,75,15.21,17.98,0.05,0.74,0.08,0,0.25,33.33,0.33,1.65,65,1.15,64.29,0.25,66.67,0.99,0,1.32,75,0,,0,,0,0,0,0,,,0.16,,,0,0,0,0,1,100
G. Alexander,Bromley,"CF, RWF",21,50000,2023-06-30,6,392,1,3.01,0,1.22,27.55,27.5,England,England,,0,0,no,4.59,4.13,72.22,5.74,12,0.23,0.34,0.23,1.38,2.05,2.07,0,0,0,0,3.44,0.23,1,0.23,0.69,0,0,12,2.76,41.67,8.333,0,1.15,40,0.23,0,0.92,50,0.23,3.44,53.33,11.02,27.08,4.36,1.84,1.15,8.72,1.15,1.38,11.71,74.51,2.07,66.67,3.9,76.47,2.98,76.92,9.64,80.95,0.92,50,15.53,22.49,0.28,0.92,0,0,0,0,0.69,0.46,50,1.38,16.67,0.23,0,0.69,0.46,0.92,100,0,,0,,0,0,0,0,,,0,,,0,0,0,0,0,0
C. Ebanks,Eastleigh,CF,20,50000,,7,198,1,0.6,0,0.03,34.09,32,England,England,,0,0,yes,4.55,3.18,85.71,12.27,33.33,0,0,0,1.82,3.16,2.27,2,0.91,0,0,1.82,0.45,1,0.45,0.27,1,0.45,5,2.27,60,20,0,0,0,0,0,0,0,0,0.91,50,10.91,12.5,4.09,0.45,0,5,2.73,0,9.09,70,2.27,60,1.82,50,1.82,75,9.09,70,0,0,11.69,0,0.01,0.45,0,0,0,0,0,0.91,100,0.45,100,0,0,0.91,0,1.36,66.67,0,,0,,0,0,0,0,,,0,,,0,0,0,0,0,0
M. Linton,Yeovil Town,"CF, RWF",21,50000,2024-06-30,13,1008,2,1.77,2,0.44,24.55,30.55,England,England,,0,0,no,3.84,4.82,61.11,5.54,12.9,0.09,0.11,0.36,0.8,1.01,1.16,1,0.09,0,0,1.61,0.18,2,0.18,0.16,0,0,18,1.61,22.22,11.111,0.18,0.36,25,0.18,50,0.18,0,0.09,2.05,52.17,10.45,30.77,1.96,0.71,0.18,5.54,0.98,1.07,10.18,79.82,2.32,65.38,2.77,93.55,3.21,83.33,9.2,85.44,0.63,28.57,14.76,18.58,0.04,0.63,0,0,0.18,50,0.36,0.89,80,0.8,55.56,0.27,33.33,0.45,0.18,0.8,66.67,0,,0,,0,0,0,0,,,0,,,0,0,0,0,1,0
A. Cosgrave,Southend United,CF,23,0,,4,216,0,0.14,0,0.23,28.75,21.74,England,England,right,185,74,yes,1.67,2.5,33.33,6.67,12.5,0,0,0,0.83,1.58,1.67,1,0.42,0,0,2.92,0,0,0,0.06,0,0,3,1.25,0,0,0,0.83,0,0,0,0.42,0,0,3.33,75,12.92,29.03,2.08,0,0,6.67,2.08,0.42,14.17,82.35,2.5,83.33,4.17,90,3.33,75,13.33,87.5,0,0,18.77,0,0.1,1.25,0,0,0.42,100,0.42,0.42,100,1.25,100,0.42,100,1.67,0,1.67,75,0,,0,,0,0,0,0,,,0,,,0,0,0,0,0,0
O. Koszela,Torquay United,CF,20,0,2022-12-31,1,63,0,0.02,0,0,21.43,13.33,Poland,Poland,,176,77,no,2.86,4.29,33.33,4.29,33.33,0,0,1.43,1.43,2.5,1.43,0,0,0,0,1.43,0,0,0,0.03,0,0,1,1.43,0,0,0,1.43,0,0,0,1.43,0,0,0,0,8.57,0,0,0,0,2.86,0,0,12.86,55.56,4.29,33.33,5.71,100,1.43,0,11.43,62.5,0,0,23.27,0,0,0,0,0,1.43,100,0,2.86,0,0,0,1.43,100,0,0,1.43,100,0,,0,,0,0,0,0,,,0,,,0,0,0,0,0,0
N. Wallace,Scunthorpe United,"CF, LAMF, LW",17,0,,2,101,0,0.6,0,0.51,31.19,57.14,England,England,,0,0,no,8.91,7.13,100,3.56,50,0.89,1.88,0,0.89,1.88,0,0,0,0,0,10.69,0,0,0,0.53,0,0,3,2.67,100,0,0,2.67,66.67,2.67,66.67,0,0,0,12.48,50,16.04,38.89,4.46,2.67,0,16.93,2.67,3.56,19.6,68.18,3.56,50,4.46,100,8.02,55.56,16.93,68.42,0.89,0,15.73,26.65,0.45,2.67,0,0,0,0,2.67,2.67,66.67,1.78,100,0,0,0.89,1.78,5.35,66.67,0,,0,,0,0,0,0,,,0,,,0,0,0,0,0,0
M. Grivosti,Yeovil Town,"RW, CF",19,0,,2,34,0,0,0,0,,,England,England,unknown,187,72,yes,,,,,,,0,,,8.57,,1,,0,,,,0,,,0,,1,,,0,,,,,,,,,,,,,,,,,,,,,,,,,,,,,,,14.24,23.47,,,,,,,,,,,,,,,,,,0,,0,,0,0,0,,,,,,,,,,,0,0
T. Hughes,Torquay United,"CF, LW, RCMF",21,0,,2,107,0,0,0,0,15.14,38.89,England,England,,0,0,no,5.05,5.05,66.67,3.36,50,0,0,0,1.68,2.31,0.84,1,0.84,0,0,0,0,0,0,0,0,0,0,0,0,0,0,0,0,0,0,0,0,0,0,0,2.52,33.33,1.68,0,0,10.93,0.84,0.84,18.5,59.09,8.41,50,1.68,50,3.36,100,15.14,72.22,3.36,0,17.59,10.82,0,0,0,0,0,0,0,2.52,33.33,0,0,0,0,0,0,5.05,33.33,0,,0,,0,0,0,0,,,0,,,0,0,0,0,0,0
Z. Goodson,Altrincham,CF,22,0,,1,30,0,0,0,0,,,England,England,unknown,0,0,no,,,,,,,0,,,0,,0,,0,,,,0,,,0,,0,,,0,,,,,,,,,,,,,,,,,,,,,,,,,,,,,,,10.08,0,,,,,,,,,,,,,,,,,,0,,0,,0,0,0,,,,,,,,,,,0,0
J. Wood,Southend United,CF,30,0,,1,3,0,0,0,0,,,England,England,unknown,0,0,no,,,,,,,0,,,0,,0,,0,,,,0,,,0,,0,,,0,,,,,,,,,,,,,,,,,,,,,,,,,,,,,,,6.29,6.29,,,,,,,,,,,,,,,,,,0,,0,,0,0,0,,,,,,,,,,,0,0
W. Harris,Gateshead,"CF, RAMF, RWF",21,0,,10,461,0,0.59,0,0.12,23.59,20.39,England,England,,187,0,no,4.12,2.98,61.54,8.02,22.86,0.23,0.37,0,2.06,3.33,1.15,1,0.2,0,0,0.46,0,0,0,0.14,0,0,9,2.06,11.11,0,0,1.15,0,0.46,0,0.23,0,0.69,2.06,0,9.16,10,2.52,0.46,0,10.08,2.52,0.23,14.43,69.84,3.21,42.86,3.44,100,3.44,60,13.28,75.86,0,0,15.58,0,0.03,0.46,0,0,0.23,100,0,2.06,44.44,1.15,40,0.23,100,0.46,0,0.69,66.67,0,,0,,0,0,0,0,,,0.23,,,0,0,0,0,0,0
G. Touré,Yeovil Town,"CF, LWF",28,0,,9,513,2,1.57,0,0.28,29.65,43.2,France,"France, Mali",right,190,85,no,4.39,5.09,48.28,5.79,39.39,0.18,0.26,0,1.75,2.61,2.46,0,0,1,0.18,5.26,0.35,2,0.35,0.28,0,0,15,2.63,33.33,13.333,0,1.93,27.27,1.4,25,0.53,33.33,0.53,6.84,53.85,14.21,44.44,2.81,2.28,1.05,12.46,1.23,1.93,20.35,74.14,4.39,76,5.44,87.1,5.44,64.52,18.25,78.85,0.18,100,14.73,5.61,0.05,1.05,0,0,0.53,33.33,0.18,2.46,64.29,1.93,36.36,0.53,33.33,0.7,0.53,1.93,81.82,0,,0,,0,0,0,0,,,0,,,0.18,0.18,0,0,0,0
M. Carver,Scunthorpe United,CF,28,0,2023-06-30,7,328,0,1.08,0,0.08,37.04,30.37,England,England,right,180,75,no,4.12,5.49,45,16.74,34.43,0,0,0,1.65,3.33,3.84,0,0,0,0,1.65,0,0,0,0.3,0,0,4,1.1,50,0,0,0.55,0,0.55,0,0,0,0,1.92,57.14,6.59,20.83,1.92,0.55,0.27,3.02,1.65,0.27,9.05,60.61,2.2,25,3.02,100,1.65,50,8.51,64.52,0,0,15.35,0,0.02,0.55,0.27,0,0,0,0,0.27,100,1.1,25,0,0,0.27,0,0.82,0,0,,0,,0,0,0,0,,,0,,,0,0,0,0,0,0
J. Mongoy,Wealdstone,CF,23,0,2023-06-30,1,14,0,0,0,0,,,England,England,,0,0,no,,,,,,,0,,,0,,0,,0,,,,0,,,0,,0,,,0,,,,,,,,,,,,,,,,,,,,,,,,,,,,,,,13.62,0,,,,,,,,,,,,,,,,,,0,,0,,0,0,0,,,,,,,,,,,0,0
E. Mason-Clark,Peterborough United,"RAMF, RW, CF",23,0,2025-06-30,4,377,2,0.49,2,0.8,23.87,41,England,England,right,178,71,no,5.25,5.01,71.43,2.86,16.67,0,0,0,1.67,2.8,2.15,0,0,0,0,4.3,0.48,2,0.48,0.12,1,0.24,7,1.67,42.86,28.571,0.48,1.91,25,0.48,0,1.43,33.33,0.48,5.73,54.17,11.46,37.5,3.1,1.43,0.48,7.4,1.91,1.43,12.41,67.31,2.15,33.33,2.86,83.33,3.1,76.92,10.27,74.42,0.24,100,13.2,11.6,0.19,0.95,0,0,0.24,0,0.95,1.19,20,1.67,42.86,0.24,0,0.72,0.95,2.15,44.44,0,,0,,0,0,0,0,,,0,,,0,0,0,0,0,0
C. Andrews,Torquay United,CF,25,0,2023-06-30,7,558,0,2.25,2,0.41,23.87,29.05,England,England,,0,0,no,3.39,2.58,75,5.97,16.22,0,0,0,1.45,2.16,0.65,1,0.16,0,0,1.77,0,0,0,0.36,0,0,15,2.42,33.33,0,0.32,0.81,0,0.32,0,0.48,0,0,1.77,54.55,8.55,28.3,3.87,0.48,0.32,5.16,1.45,1.29,8.71,64.81,1.77,54.55,1.77,81.82,2.58,62.5,7.74,72.92,0.16,0,14.4,5.03,0.07,0.48,0,0,0,0,0.32,0.48,100,0.97,16.67,0.16,0,0.32,0,0.65,75,0,,0,,0,0,0,0,,,0,,,0,0,0,0,0,0
S. Boden,York City,CF,32,0,2024-06-30,4,182,0,0.08,0,0,23.24,27.66,England,England,right,180,70,no,3.46,2.47,80,8.41,29.41,0,0,0,1.48,2.57,0,0,0,0,0,1.48,0,0,0,0.04,0,0,1,0.49,100,0,0,0.49,100,0,0,0.49,100,0,0.49,100,3.46,14.29,0.99,0,0,4.95,0.99,0,9.4,47.37,2.47,40,1.98,50,2.97,50,8.41,47.06,0.49,0,18.29,11.41,0,0,0,0,0.49,0,0,0.99,50,0.49,0,0.49,0,0,0.49,1.98,50,0,,0,,0,0,0,0,,,0,,,0,0,0,0,0,0
J. Arnold,Maidstone United,CF,,0,,1,13,0,0.04,0,0,,,England,England,unknown,0,0,no,,,,,,,0,,,30,,0,,0,,,,0,,,0,,1,,,0,,,,,,,,,,,,,,,,,,,,,,,,,,,,,,,30.56,56.62,,,,,,,,,,,,,,,,,,0,,0,,0,0,0,,,,,,,,,,,0,0
B. Harrison,Altrincham,CF,35,0,2023-06-30,1,14,0,0,0,0,,,England,England,right,191,84,no,,,,,,,0,,,0,,0,,0,,,,0,,,0,,0,,,0,,,,,,,,,,,,,,,,,,,,,,,,,,,,,,,12.56,0,,,,,,,,,,,,,,,,,,0,,0,,0,0,0,,,,,,,,,,,0,0
A. Cappello,Halifax Town,"CF, AMF, RW",20,0,,6,435,0,0.67,0,1.19,37.03,41.9,Belize,Belize,unknown,0,0,no,8.9,6.62,62.5,4.76,17.39,1.03,1.47,0,3.72,5.29,1.45,0,0,0,0,5.59,0,0,0,0.14,0,0,7,1.45,0,0,0,2.28,36.36,1.66,37.5,0.62,33.33,0.21,7.03,67.65,20.9,42.57,1.86,1.86,0.62,14.9,1.66,2.69,25.24,75.41,7.86,65.79,5.38,88.46,6.41,67.74,22.97,79.28,0.41,0,14.39,19.92,0.25,0.83,0,0.21,0,0,0.41,1.86,66.67,2.07,40,0,0,0,0.83,2.48,91.67,0,,0,,0,0,0,0,,,0,,,0,0,0,0.21,0,0
M. Gyasi,Chesterfield,"CF, LCMF",22,0,2023-06-30,4,114,0,0.8,0,0.22,25.26,28.13,Ghana,Ghana,,0,0,no,4.74,4.74,83.33,3.16,0,0,0,0,0.79,1.36,2.37,0,0,0,0,2.37,0,0,0,0.63,0,0,3,2.37,0,0,0,0,0,0,0,0,0,0,6.32,37.5,8.68,27.27,3.95,1.58,0.79,7.89,3.16,0.79,6.32,87.5,0.79,100,2.37,100,0.79,0,6.32,87.5,0,0,11.32,0,0.17,1.58,0,0,0,0,0,0.79,100,0,0,0,0,0.79,0,0.79,100,0,,0,,0,0,0,0,,,0,,,0,0,0,0,0,0
J. Slew,Halifax Town,"LAMF, LW, CF",30,0,2023-06-30,11,545,2,1.86,0,0.57,27.74,45.83,England,England,right,178,81,no,2.81,4.13,44,4.62,53.57,0,0,0,0.99,1.51,0.66,1,0.17,0,0,6.11,0.33,2,0.33,0.31,0,0,18,2.97,44.44,11.111,0,1.65,20,1.65,20,0,0,0.17,5.94,66.67,15.52,46.81,3.47,2.31,0.66,23.45,2.15,1.65,34.35,81.25,7.76,59.57,11.06,97.01,7.76,80.85,30.55,87.57,2.48,33.33,15.07,20.22,0.09,1.16,0,0,1.32,37.5,0.33,2.64,56.25,2.31,50,0.66,25,1.32,0.33,4.13,80,0,,0,,0,0,0,0,,,0,,,0.17,0.17,0,0,0,0
R. Harker,Halifax Town,CF,22,0,2023-06-30,11,362,1,1.07,0,0,24.36,35.71,England,England,right,188,78,no,3.23,3.73,53.33,6.46,46.15,0.25,0.39,0,0.99,1.58,1.24,0,0,0,0,1.24,0.25,1,0.25,0.27,0,0,8,1.99,50,12.5,0,0.5,0,0.25,0,0.25,0,0,0.75,33.33,7.71,29.03,2.73,0.75,0.75,8.2,2.24,0.25,13.18,71.7,2.73,36.36,4.23,94.12,2.49,70,12.68,74.51,0,0,13.63,0,0,0,0,0,0,0,0,0.25,0,0.99,0,0,0,0,0,0.25,0,0,,0,,0,0,0,0,,,0,,,0,0,0,0,0,0
D. Newton,Boreham Wood,CF,31,0,2023-06-30,10,503,1,1.48,1,0.42,33.82,37.04,England,England,left,178,75,no,5.55,4.29,58.33,15.75,39.77,0.18,0.26,0.54,2.86,4.14,1.79,1,0.18,0,0,3.04,0.18,1,0.18,0.26,0,0,12,2.15,50,8.333,0.18,1.43,25,1.25,14.29,0.18,100,0.18,3.4,47.37,8.77,32.65,2.86,1.61,1.07,8.77,3.04,0,18.25,58.82,6.8,42.11,2.5,85.71,5.01,64.29,15.92,62.92,0.89,40,17.14,14.56,0.08,0.72,0.36,0,0.36,0,0.36,2.86,37.5,2.33,38.46,0.54,0,0.72,0.54,2.68,73.33,0,,0,,0,0,0,0,,,0,,,0,0,0,0,0,0
T. Marsh,Boreham Wood,CF,28,0,2024-06-30,12,918,5,6.91,0,0.38,30.1,32.57,England,England,right,180,80,no,3.73,4.02,53.66,4.31,31.82,0,0,0.1,1.57,2.24,1.76,2,0.2,0,0,3.92,0.49,4,0.39,0.68,0,0,31,3.04,48.39,16.129,0,2.06,9.52,0.59,0,1.47,13.33,0.29,3.63,62.16,13.43,30.66,4.02,0.88,0.1,11.08,1.47,1.08,17.25,62.5,3.82,53.85,4.12,83.33,5.29,51.85,14.12,73.61,1.27,15.38,17.72,24.64,0.04,0.49,0.1,0,0.1,0,0.1,1.86,36.84,2.16,27.27,0.49,20,0.78,0.29,2.06,57.14,0,,0,,0,0,0,0,,,0,,,0.1,0.1,100,0,3,33.333
J. Rees,Boreham Wood,"AMF, RWB, CF",29,0,2023-06-30,13,1027,2,2.64,0,0.44,22.26,37.4,England,England,right,175,70,no,5.08,5.35,59.02,6.05,28.99,0.18,0.25,0.18,1.75,2.51,1.14,1,0.09,0,0,1.31,0.18,2,0.18,0.23,0,0,14,1.23,57.14,14.286,0,0.7,25,0.18,0,0.44,40,0.09,1.23,28.57,6.31,23.61,2.54,0.18,0.35,7.97,0.96,0.53,16.65,69.47,5.52,60.32,2.89,84.85,5.35,65.57,14.02,75,2.02,47.83,18.84,37.27,0.04,0.53,0,0.09,0.35,25,0,2.45,57.14,1.23,35.71,0.35,25,0.35,0.09,2.63,63.33,0,,0,,0,0,0,0,,,0,,,0.26,0,0,0.35,0,0
L. Ndlovu,Boreham Wood,"CF, RWF",27,0,2024-06-30,10,776,5,3.66,1,1.22,41.17,34.08,England,England,,0,0,no,3.83,3.94,55.88,10.67,30.43,0.58,0.88,0.12,1.04,1.59,1.39,1,0.12,1,0.12,4.76,0.58,5,0.58,0.42,1,0.12,22,2.55,40.91,22.727,0.12,1.62,28.57,0.23,50,1.39,25,0,6.84,47.46,18.67,32.92,4.64,1.97,0.35,7.07,2.2,1.39,15.43,77.44,2.9,76,3.48,90,3.71,81.25,13.69,83.9,0.12,0,15.91,4.62,0.14,1.04,0,0.12,0.12,0,0.23,1.16,80,1.62,57.14,0.23,0,0.7,0.35,1.04,100,0,,0,,0,0,0,0,,,0,,,0,0,0,0,0,0
D. Elliott,Boreham Wood,CF,27,0,,10,398,1,2.11,0,0.5,29.17,31.01,England,England,left,191,77,no,2.26,3.17,50,8.37,32.43,0,0,0,0.68,0.95,0.68,0,0,0,0,2.49,0.23,1,0.23,0.48,0,0,12,2.71,16.67,8.333,0,1.36,33.33,0.45,0,0.9,50,0.23,3.84,41.18,12.21,31.48,3.62,0.9,0.23,10.18,2.94,0.9,16.28,61.11,4.3,42.11,2.71,91.67,5.2,52.17,14.25,65.08,0.68,33.33,16.97,4.92,0.11,0.68,0,0,0.23,0,0.45,1.58,57.14,0.9,25,0.45,0,0,0.45,1.58,71.43,0,,0,,0,0,0,0,,,0,,,0,0,0,0,0,0
T. Allan,Spennymoor Town,"RWF, RW, CF",23,0,2024-06-30,7,325,1,0.51,0,0.48,28.03,43.33,England,England,right,173,66,yes,5.92,7.16,56.52,4.98,31.25,0,0,0,1.87,3.21,2.49,2,0.55,0,0,5.61,0.28,1,0.31,0.16,0,0,5,1.56,60,20,0,4.05,23.08,0.62,0,3.11,30,0.93,4.98,62.5,11.83,42.11,4.05,1.25,0.31,16.51,1.56,3.43,23.98,71.43,4.67,46.67,9.03,89.66,4.98,56.25,19,81.97,1.87,50,17.77,28.47,0.15,1.25,0,0,0.93,66.67,0.93,0.93,66.67,3.74,41.67,0.31,0,1.25,0.62,2.18,85.71,0,,0,,0,0,0,0,,,0,,,0,0,0,0,0,0
T. Abrahams,Eastleigh,CF,23,0,2023-06-30,13,1205,2,2.92,0,0.34,20.84,32.26,England,England,left,185,84,no,3.44,3.36,68.89,2.61,20,0.07,0.11,0.15,1.05,1.48,1.12,2,0.15,0,0,2.02,0.15,2,0.15,0.22,0,0,24,1.79,50,8.333,0,0.97,30.77,0.52,28.57,0.37,40,0.15,2.24,36.67,8.81,23.73,3.06,0.82,0.3,7.02,1.72,0.97,11.65,70.51,1.49,30,3.96,86.79,3.59,70.83,10.31,75.36,0.45,33.33,16.86,18.22,0.03,0.52,0,0,0.15,0,0.15,0.45,50,1.27,52.94,0.15,0,0.97,0.22,1.34,61.11,0,,0,,0,0,0,0,,,0.07,,,0,0,0,0,0,0
F. Amartey,Aldershot Town,"LWF, LW, CF",23,0,,8,264,0,1.16,0,0.12,27.27,38.75,England,England,,0,0,no,3.07,3.75,36.36,2.73,25,0.34,0.52,0,1.36,2.07,1.02,0,0,0,0,7.16,0,0,0,0.39,0,0,11,3.75,45.45,0,0,0.68,0,0.68,0,0,0,0,8.86,57.69,15.34,44.44,4.77,3.41,1.02,5.8,1.36,1.36,11.25,69.7,4.09,41.67,2.39,100,1.7,80,9.89,75.86,0.68,50,9.76,6.6,0.04,0.34,0,0,0.68,50,0,0.68,0,1.36,50,0.68,50,1.36,0,1.36,50,0,,0,,0,0,0,0,,,0,,,0,0,0,0,0,0
I. Effiong,Aldershot Town,"CF, LWF",31,0,2024-06-30,13,1255,4,5.57,2,0.87,31.34,36.61,England,"England, Nigeria",right,193,85,no,2.58,2.08,48.28,10.18,45.77,0,0,0,1.58,1.85,1.22,0,0,0,0,3.16,0.29,2,0.14,0.4,1,0.07,32,2.29,53.13,12.5,0.14,0.65,22.22,0.5,28.57,0.14,0,0,2.73,63.16,10.33,31.94,3.23,1.58,0.57,6.38,1.43,1,13.84,65.8,3.44,45.83,3.59,86,3.73,61.54,12.55,69.14,0.72,50,15.34,15.08,0.06,0.57,0,0,0.22,33.33,0.43,2.37,51.52,1.15,43.75,0.43,33.33,0.57,0.07,1.36,84.21,0,,0,,0,0,0,0,,,0,,,0.07,0.07,0,0,2,100
O. Olomola,Wealdstone,"CF, LAMF",25,0,2023-06-30,9,714,2,3.14,0,1.33,20.67,33.54,England,"England, Nigeria",right,170,80,no,4.03,3.91,64.52,4.03,15.63,0.25,0.43,0.13,1.26,2.13,1.26,0,0,0,0,3.66,0.25,2,0.25,0.4,0,0,16,2.02,25,12.5,0,2.52,35,1.39,27.27,1.13,44.44,0.38,3.53,53.57,9.96,30.38,4.03,1.01,0.5,18.28,0.88,0.38,27.23,83.33,5.42,74.42,9.08,94.44,8.95,81.69,23.57,90.37,1.26,40,18.61,14.01,0.17,1.13,0,0,0.63,60,0.5,2.39,73.68,1.89,66.67,0.63,60,1.01,1.26,3.66,75.86,0,,0,,0,0,0,0,,,0.25,,,0.38,0.38,33.33,0.13,0,0
E. Dieseruvwe,Halifax Town,CF,27,0,2023-06-30,13,1065,4,4.03,0,0.94,35.58,35.87,England,"England, Nigeria",right,196,80,no,2.79,3.04,55.56,12.17,50,0,0,0.17,1.1,1.68,1.94,3,0.25,0,0,3.21,0.34,4,0.34,0.34,1,0.08,23,1.94,56.52,17.391,0,0.34,25,0.25,33.33,0.08,0,0,4.14,46.94,14.11,25.15,2.87,1.61,0.08,10.99,3.21,1.35,17.92,77.83,3.38,62.5,5.32,88.89,5.32,80.95,17.49,79.23,0.08,0,14.77,2.45,0.08,0.59,0,0,0.25,33.33,0.25,2.28,66.67,0.42,20,0.17,50,0.42,0,1.52,66.67,0,,0,,0,0,0,0,,,0,,,0,0,0,0.08,0,0
R. Grego-Cox,Woking,CF,25,0,2023-06-30,11,900,6,4.61,1,0.58,26.9,33.46,England,"England, Republic of Ireland",right,178,74,no,4.2,4.5,57.78,10.7,25.23,0.3,0.46,0.2,1.3,2,1.4,2,0.2,0,0,3.1,0.6,4,0.4,0.46,0,0,22,2.2,50,27.273,0.1,1,30,0.2,50,0.8,25,0.2,2.9,58.62,7.5,34.67,2.6,0.8,0.6,8.9,1,0.6,17,74.71,4.4,52.27,2.7,92.59,6,76.67,14.7,82.99,1.3,15.38,17.01,27.43,0.06,1.1,0.1,0,0.3,0,0.5,2,45,2.2,50,0.4,0,1.4,0.4,2.7,74.07,0,,0,,0,0,0,0,,,0,,,0,0,0,0,2,100
E. Acquah,Maidenhead United,CF,22,0,2023-06-30,13,1008,3,2.94,0,0.55,35.54,30.4,England,England,right,186,71,no,4.2,3.84,58.14,10.63,32.77,0,0,0,1.96,2.52,1.34,2,0.18,0,0,1.7,0.27,3,0.27,0.26,1,0.09,16,1.43,43.75,18.75,0,0.09,0,0,0,0.09,0,0,1.7,52.63,11.7,21.37,2.05,0.8,0.09,5.54,1.07,0.8,12.41,76.98,3.04,52.94,3.13,85.71,2.41,96.3,12.23,77.37,0.09,100,12.53,4.33,0.05,0.71,0.09,0,0.27,66.67,0.27,1.52,64.71,0.36,50,0.27,66.67,0.63,0,1.34,66.67,0,,0,,0,0,0,0,,,0,,,0,0,0,0,0,0
A. Clifton,Maidenhead United,"CF, AMF",33,0,2023-06-30,10,353,1,2.36,1,0.04,26.77,34.29,Montserrat,Montserrat,right,188,89,no,2.04,1.02,75,9.69,42.11,0,0,0,1.27,1.63,1.78,0,0,0,0,1.53,0.25,1,0.25,0.6,0,0,10,2.55,30,10,0.25,0.51,0,0.51,0,0,0,0,0.76,100,8.41,39.39,3.82,0.51,0.51,8.67,2.29,1.02,19.12,73.33,4.84,52.63,5.1,90,6.37,84,17.85,77.14,0.76,33.33,16.55,4.44,0.01,0.76,0,0,0,0,0.25,2.04,50,0.51,0,0,0,0,0,1.02,75,0,,0,,0,0,0,0,,,0.25,,,0,0,0,0,0,0
S. McCoulsky,Maidenhead United,CF,25,0,2023-06-30,9,320,1,1.08,0,0.09,27.56,30.61,England,England,right,183,70,no,3.94,4.22,60,9,28.13,0.28,0.34,0,1.13,1.38,1.97,0,0,0,0,1.69,0.28,1,0.28,0.3,0,0,8,2.25,37.5,12.5,0,0.84,33.33,0.28,100,0.56,0,0,1.69,33.33,5.91,14.29,2.25,0.84,0.28,8.16,2.25,0.28,9.56,76.47,1.69,33.33,4.22,80,1.69,83.33,8.72,80.65,0,0,12.27,0,0.03,0.28,0,0,0,0,0.28,0.28,0,1.13,25,0,0,0,0.28,0.28,100,0,,0,,0,0,0,0,,,0,,,0,0,0,0,0,0
A. Blair,Dagenham & Redbridge,CF,22,0,2023-06-30,1,37,0,0,0,0.03,,,England,England,unknown,0,0,no,,,,,,,0,,,0,,0,,0,,,,0,,,0,,0,,,0,,,,,,,,,,,,,,,,,,,,,,,,,,,,,,,15.08,0,,,,,,,,,,,,,,,,,,0,,0,,0,0,0,,,,,,,,,,,0,0
A. Hurst,York City,"CF, LW, LWF",23,0,2023-06-30,12,963,2,1.67,0,1.53,21.03,41.33,England,England,,0,0,no,4.67,3.08,72.73,2.9,19.35,0.28,0.46,0.19,2.15,3.56,0.65,2,0.19,0,0,6.64,0.19,2,0.19,0.16,0,0,16,1.5,18.75,12.5,0,4.86,48.08,3.64,51.28,1.21,38.46,0.65,6.82,58.9,12.15,40,3.55,3.64,0.75,11.03,1.21,0.56,20.65,76.02,4.49,79.17,6.07,89.23,6.26,68.66,15.05,86.34,0.93,50,18.48,13.52,0.14,1.59,0.09,0,0.09,0,0.75,0.47,80,3.27,60,0.09,0,0.28,2.15,3.83,82.93,0,,0,,0,0,0,0,,,0,,,0,0,0,0.19,0,0
L. John-Lewis,York City,CF,33,0,2023-06-30,13,1228,6,6.75,0,0.19,32.98,35.33,England,England,left,180,86,no,3.15,2.64,61.11,13.41,44.26,0.29,0.45,0,1.25,1.93,1.47,2,0.15,0,0,1.91,0.44,5,0.37,0.49,2,0.15,38,2.79,39.47,15.789,0,0.29,0,0.07,0,0.22,0,0.07,1.17,62.5,9.75,20.3,3.52,0.37,0.15,9.38,2.93,0.88,15.9,70.97,4.03,52.73,3.66,90,4.98,70.59,14.88,75.37,0.73,10,16.21,20.96,0.01,0.44,0,0,0.15,50,0.07,2.35,43.75,0.88,41.67,0.29,25,0.51,0,1.61,45.45,0,,0,,0,0,0,0,,,0.07,,,0,0,0,0,2,50
L. James,York City,"CF, LWF, LW",27,0,2024-06-30,4,183,0,0.21,0,0.35,21.64,20.45,England,England,right,183,80,no,3.93,4.92,50,5.41,18.18,0,0,0,1.48,2.2,0.49,0,0,0,0,2.95,0,0,0,0.1,0,0,2,0.98,50,0,0,1.48,100,1.48,100,0,0,0,3.93,12.5,5.9,16.67,1.48,0.98,0.49,9.34,2.95,0,13.77,100,3.93,100,2.95,100,4.43,100,11.8,100,0.49,100,19.71,16.25,0.17,0.49,0,0,0.49,100,0,0.98,100,1.97,100,0.49,100,0.49,1.48,3.93,100,0,,0,,0,0,0,0,,,0,,,0,0,0,0,0,0
P. McCallum,Dagenham & Redbridge,"CF, AMF",29,0,2023-06-30,14,1323,5,5.38,1,0.85,34.35,43.17,England,England,right,191,76,no,3.4,1.9,50,19.93,49.83,0.2,0.26,0.2,2.24,2.91,1.43,1,0.07,0,0,1.29,0.34,5,0.34,0.37,1,0.07,27,1.84,51.85,18.519,0.07,0.2,66.67,0.07,100,0.14,50,0,0.48,28.57,4.83,26.76,2.59,0.07,0,8.84,1.9,0.61,16.8,63.16,5.65,39.76,3.47,86.27,3.47,68.63,15.71,64.07,0.88,46.15,15.01,20.23,0.06,0.88,0,0,0.07,100,0.2,3.27,37.5,1.16,41.18,0.2,33.33,0.68,0.14,1.9,75,0,,0,,0,0,0,0,,,0,,,0,0,0,0.07,1,0
J. Walker,Dagenham & Redbridge,"CF, LW, RWF",24,0,2023-06-30,12,687,4,4.81,0,0.64,28.56,36.7,England,England,,0,0,no,4.32,5.63,44.19,5.37,29.27,0.52,0.69,0,1.31,1.72,1.7,1,0.13,1,0.13,5.24,0.52,4,0.52,0.63,0,0,24,3.14,45.83,16.667,0,1.97,20,0.92,0,1.05,37.5,0.52,6.42,53.06,12.97,37.37,4.98,2.75,1.83,11.92,1.7,0.79,17.82,73.53,3.14,58.33,6.68,86.27,3.8,62.07,15.72,80.83,0.26,0,15.5,7.44,0.08,0.26,0.13,0,0.13,0,0.13,0.79,66.67,1.18,22.22,0.13,0,0.66,0.39,0.79,100,0,,0,,0,0,0,0,,,1.18,,,0,0,0,0,0,0
A. Yussuf,Gateshead,CF,30,0,2023-06-30,4,139,0,0.57,0,0.02,29.78,15.22,Tanzania,"Tanzania, England",left,185,76,no,2.59,2.59,25,3.88,0,0.65,0.94,0,1.29,1.88,3.24,0,0,0,0,1.29,0,0,0,0.37,0,0,4,2.59,25,0,0,1.29,0,0.65,0,0.65,0,0,1.94,33.33,16.19,12,3.24,0.65,0,5.83,1.94,0,15.54,75,1.29,50,3.24,80,6.47,70,14.24,81.82,0,0,12.16,0,0.01,0.65,0,0,0,0,0,0.65,0,1.29,50,0,0,0.65,0,1.29,100,0,,0,,0,0,0,0,,,0,,,0,0,0,0,0,0
A. Fisher,Yeovil Town,CF,32,0,2024-06-30,12,726,1,2.2,1,1.17,30.87,34.14,England,England,right,191,80,no,3.6,3.1,52,16.86,36.76,0.25,0.31,0.12,1.74,2.19,0.74,1,0.12,0,0,1.86,0.12,1,0.12,0.27,0,0,17,2.11,41.18,5.882,0.12,1.12,22.22,0.25,50,0.87,14.29,0.12,0.74,100,6.2,24,2.73,0.5,0.25,11.16,2.23,0.62,22.19,73.18,5.33,44.19,6.57,94.34,5.21,73.81,20.08,77.16,0.99,50,17.69,21.75,0.15,0.74,0.12,0,0,0,0.25,2.73,50,1.49,50,0,0,0.62,0.25,1.49,75,0,,0,,0,0,0,0,,,0,,,0.25,0.25,0,0.12,0,0
J. Amaluzor,Aldershot Town,"RWF, CF, RW",25,0,2024-06-30,12,904,5,1.16,0,0.73,24.09,42.98,England,"England, Nigeria",left,183,79,no,5.48,5.28,58.49,2.49,36,0.4,0.46,0,1.99,2.32,0.9,2,0.2,0,0,4.68,0.5,5,0.5,0.12,0,0,23,2.29,39.13,21.739,0,1.99,30,0.5,20,1.49,33.33,0.2,5.67,50.88,13.44,38.52,1.49,2.09,0.9,9.56,1.39,1.59,15.73,53.8,6.97,47.14,1.89,89.47,3.88,48.72,12.05,63.64,1.89,15.79,21.35,28.82,0.07,0.4,0.1,0,0.4,75,0.4,2.89,31.03,3.38,32.35,0.8,37.5,0.6,0.6,3.88,53.85,0,,0,,0,0,0,0,,,0,,,0,0,0,0,0,0
W. Goodwin,Torquay United,CF,20,0,,13,1309,3,2.61,0,0.75,30.8,34.15,England,England,,0,0,yes,3.44,3.03,61.36,9.97,36.55,0.21,0.31,0.21,1.38,2.03,0.89,4,0.28,0,0,3.71,0.21,3,0.21,0.18,0,0,19,1.31,57.89,15.789,0,1.65,25,1.03,20,0.62,33.33,0.21,4.88,49.3,12.17,28.81,2.41,1.17,0.21,9.83,1.86,0.96,16.84,65.31,5.91,50,3.71,87.04,4.61,65.67,14.44,70.95,0.89,38.46,17.28,28.47,0.05,0.48,0,0.07,0.48,28.57,0.28,2.34,52.94,1.65,41.67,0.41,0,0.34,0.48,2.61,71.05,0,,0,,0,0,0,0,,,0,,,0,0,0,0,0,0
A. Jarvis,Torquay United,CF,24,0,2024-06-30,7,492,1,1.66,0,0.09,32.2,34.09,England,England,right,188,80,no,2.2,1.28,57.14,15.18,33.73,0,0,0,1.46,2.24,2.2,1,0.18,0,0,1.46,0.18,1,0.18,0.3,0,0,11,2.01,36.36,9.091,0,0.91,20,0.37,50,0.55,0,0.18,1.46,37.5,8.41,32.61,4.21,0.37,0,10.61,2.38,1.28,14.63,66.25,2.56,50,4.94,85.19,3.84,57.14,13.17,69.44,0.55,66.67,14.41,5.12,0.02,0.37,0,0,0.18,0,0.18,1.65,55.56,0.91,20,0.18,0,0.37,0.18,1.1,83.33,0,,0,,0,0,0,0,,,0,,,0,0,0,0,0,0
A. Marriott,Bromley,"CF, AMF",31,0,2023-06-30,7,591,6,4.01,0,0.2,22.99,22.52,England,England,right,175,71,no,2.59,3.2,33.33,7.46,12.24,0.15,0.25,0,1.37,2.27,1.98,0,0,0,0,2.74,0.91,6,0.91,0.61,0,0,17,2.59,76.47,35.294,0,0,0,0,0,0,0,0,1.07,57.14,7.16,21.28,3.5,0.76,0.15,9.9,1.68,1.07,13.4,80.68,2.28,60,3.65,87.5,5.18,85.29,12.64,79.52,0.76,100,14.62,15.83,0.03,0.46,0,0,0.3,50,0.15,1.83,66.67,0.3,100,0.15,100,0.46,0,1.52,90,0,,0,,0,0,0,0,,,0,,,0,0,0,0,0,0
L. Dennis,Bromley,"AMF, CF, LAMF",30,0,2023-06-30,10,397,2,0.91,0,1.23,23.58,40.38,England,England,right,186,69,no,5.89,5.67,52,4.08,38.89,0.45,0.71,0.45,2.49,3.93,0.45,0,0,0,0,4.08,0.45,2,0.45,0.21,0,0,9,2.04,44.44,22.222,0,2.27,40,1.59,28.57,0.68,66.67,0.45,3.63,56.25,9.97,31.82,3.4,1.81,0.91,20.18,0.45,1.13,29.24,75.97,8.39,56.76,9.97,93.18,7.03,77.42,25.16,82.88,1.81,25,18.22,14.61,0.28,1.13,0,0,0.45,50,0.68,4.53,50,2.49,63.64,0.23,0,0.68,0.91,4.31,73.68,0,,0,,0,0,0,0,,,0.45,,,0.68,0,0,2.95,0,0
M. Cheek,Bromley,CF,31,0,,13,1277,2,6.37,2,2.33,25.94,42.93,England,England,right,186,81,no,4.09,2.54,66.67,11.06,43.95,0.07,0.1,0.07,2.33,3.46,1.06,1,0.07,0,0,1.97,0.14,1,0.07,0.45,1,0.07,36,2.54,41.67,5.556,0.14,0.28,0,0.07,0,0.21,0,0,1.62,52.17,5.64,38.75,4.58,0.78,0.42,10.78,2.61,1.9,16.21,68.7,4.09,53.45,3.52,86,4.72,64.18,15.51,70.91,0.49,28.57,15.47,20.75,0.16,1.41,0.07,0,0.28,25,0.56,2.04,55.17,1.48,42.86,0.35,20,1.2,0,2.33,75.76,0,,0,,0,0,0,0,,,0,,,0,0,0,0,1,100
M. Bloomfield,Bromley,"CF, AMF, LCMF",25,0,2023-06-30,6,221,0,0.05,0,0,39.1,31.25,England,"England, Jamaica",right,191,74,no,5.7,5.7,50,15.07,24.32,0,0,0,2.85,3.75,2.44,0,0,0,0,1.63,0,0,0,0.02,0,0,3,1.22,0,0,0,0,0,0,0,0,0,0,2.04,80,12.22,26.67,0,0,0.41,11.81,0.41,0,22.4,83.64,3.67,44.44,6.92,94.12,7.33,83.33,20.77,82.35,1.63,100,15.37,16.99,0,0,0,0,0,0,0,0.81,50,1.22,33.33,0,0,0,0,1.63,50,0,,0,,0,0,0,0,,,0,,,0,0,0,0,0,0
P. Blackett,Gateshead,CF,24,0,,13,853,4,4.54,1,1.1,18.74,26.59,England,England,,0,0,no,3.68,5.2,47.92,2.82,3.85,0.22,0.36,0,0.97,1.62,2.49,0,0,0,0,2.06,0.42,4,0.43,0.49,0,0,31,3.36,32.26,12.903,0.11,0.65,16.67,0.11,100,0.43,0,0.11,1.62,40,6.39,23.73,5.2,0.76,0.22,10.51,2.71,0.87,12.89,68.07,2.71,52,3.57,84.85,3.47,68.75,11.59,74.77,0.65,0,16.48,17.51,0.12,0.76,0.11,0,0.54,40,0.43,1.62,33.33,0.97,66.67,0.32,33.33,0.97,0.11,0.87,100,0,,0,,0,0,0,0,,,0,,,0.11,0.11,0,0,0,0
D. Whitehall,Eastleigh,CF,27,0,,10,722,4,2.5,2,0.48,25.55,34.15,England,England,right,190,71,no,5.48,2.74,54.55,12.09,32.99,0.75,1.09,0.37,3.24,4.73,1.99,3,0.37,0,0,2.12,0.5,4,0.5,0.31,0,0,22,2.74,54.55,18.182,0.25,0.37,33.33,0,0,0.37,33.33,0.12,1,37.5,5.73,32.61,3.12,0.62,0,10.1,1.62,1.5,15.33,69.11,5.61,64.44,2.12,88.24,4.49,72.22,12.84,72.82,2.12,52.94,15.47,22.75,0.06,0.37,0,0,0.12,100,0.12,2.12,64.71,1.37,36.36,0.37,66.67,1.12,0.12,2.37,73.68,0,,0,,0,0,0,0,,,0,,,0.62,0.62,60,0,0,0
C. Scott,Notts County,"CF, AMF",23,0,2024-06-30,12,653,6,4.13,0,0.97,18.19,44.7,England,England,right,178,73,no,3.58,3.58,65.38,3.86,39.29,0.28,0.54,0.14,0.96,1.88,0.83,0,0,0,0,3.17,0.83,6,0.83,0.57,1,0.14,18,2.48,66.67,33.333,0,1.38,10,0.28,0,1.1,12.5,0,2.76,45,8.13,42.37,4.41,0.41,0.55,15.99,1.52,1.65,21.64,73.89,5.38,56.41,6.2,84.44,4.96,80.56,18.88,81.75,1.38,30,16.99,21.08,0.13,1.1,0.14,0.14,0.55,25,0.41,3.17,47.83,1.52,36.36,0.69,40,1.24,0,1.79,76.92,0,,0,,0,0,0,0,,,0.14,,,0,0,0,0,0,0
M. Langstaff,Notts County,CF,25,0,2024-06-30,13,1139,16,10.74,2,1.11,15.01,28.42,England,England,right,0,0,no,2.21,2.53,50,4.5,19.3,0.08,0.15,0.24,0.87,1.69,0.79,1,0.08,0,0,3,1.26,16,1.26,0.85,3,0.24,51,4.03,58.82,31.373,0.16,0.16,0,0.08,0,0,0,0,1.34,47.06,4.5,31.58,5.69,0.47,0.32,7.03,1.26,0.4,8.69,70,2.29,41.38,2.61,87.88,1.66,80.95,8.22,72.12,0.32,50,12.07,11.61,0.09,0.63,0,0,0.24,0,0.32,0.71,44.44,0.63,25,0.24,0,0.63,0,0.87,45.45,0,,0,,0,0,0,0,,,0,,,0,0,0,0,0,0
C. Wreh,Southend United,CF,26,0,,10,580,2,2.32,0,0.14,29.95,32.64,United States,United States,,0,0,no,2.79,2.48,50,6.52,16.67,0,0,0,1.55,2.26,0.93,0,0,0,0,3.26,0.31,2,0.31,0.36,1,0.16,19,2.95,26.32,10.526,0,0.47,0,0.16,0,0.31,0,0.16,4.34,53.57,15.83,36.27,3.57,0.93,0.16,5.74,0.78,1.71,14.43,70.97,3.41,59.09,3.57,86.96,3.26,76.19,13.66,73.86,0.31,50,10.69,7.28,0.02,0.62,0.16,0,0.47,33.33,0,1.4,77.78,1.71,63.64,0.31,0,1.24,0,1.4,66.67,0,,0,,0,0,0,0,,,0,,,0,0,0,0,0,0
M. Dackers,Southend United,CF,19,0,,6,554,3,2.2,1,0.83,37.2,41.92,Wales,Wales,,0,0,no,6.34,4.55,71.43,16.25,47,0,0,0.32,3.09,4.42,1.62,0,0,0,0,2.11,0.49,2,0.32,0.36,0,0,15,2.44,53.33,20,0.16,0.97,33.33,0.32,50,0.65,25,0,0.97,50,7.64,17.02,3.9,0.49,0.16,12.18,2.76,0.32,20.14,65.32,4.71,51.72,4.87,86.67,6.66,58.54,17.87,69.09,1.46,44.44,17.51,22.78,0.13,0.97,0,0,0,0,0.32,2.92,50,1.79,36.36,0.16,0,1.14,0.16,3.9,70.83,0,,0,,0,0,0,0,,,0,,,0,0,0,0,1,100
J. Hyde,Southend United,CF,32,0,2023-05-31,7,372,1,2.09,0,0.46,21.29,34.09,England,England,right,185,77,yes,1.94,2.42,40,6.53,29.63,0.48,0.78,0,0.48,0.78,1.69,0,0,0,0,1.45,0.24,1,0.24,0.51,1,0.24,10,2.42,40,10,0,0.24,0,0.24,0,0,0,0,0.73,66.67,7.26,33.33,4.35,0.73,0,10.16,2.18,0.97,13.79,70.18,3.87,43.75,2.18,100,2.9,75,13.31,70.91,0.24,100,15.9,6.9,0.11,0.48,0,0,0.24,0,0,0.97,75,0.73,0,0.24,0,1.21,0,1.45,50,0,,0,,0,0,0,0,,,0,,,0,0,0,0,0,0
C. Powell,Southend United,"CF, LW",26,0,2024-06-30,11,739,4,4.54,2,1.28,23.26,40.84,England,England,,0,0,no,3.65,2.68,54.55,1.95,12.5,0.12,0.19,0.12,2.07,3.15,0.12,1,0.12,0,0,7.43,0.49,4,0.49,0.55,0,0,44,5.36,34.09,9.091,0.24,3.17,26.92,1.95,25,0.97,25,0.73,7.55,62.9,16.56,41.91,6.58,2.31,0.73,14.01,0.97,1.46,19.61,77.02,2.44,60,6.7,87.27,5.97,67.35,15.95,87.02,0.61,80,14.12,10.13,0.16,1.22,0.12,0,0.12,0,0.37,0.61,100,2.19,44.44,0,0,1.1,0.73,1.58,69.23,0,,0,,0,0,0,0,,,0,,,0.49,0.12,0,0.12,1,0
J. Fawole,Maidstone United,"CF, LW, RW",24,0,,8,251,0,0.17,0,0.42,26.53,31.08,United States,United States,,183,77,no,5.02,1.79,60,6.81,42.11,0,0,0,3.94,7.17,0.36,0,0,0,0,3.23,0,0,0,0.06,0,0,3,1.08,33.33,0,0,1.08,100,0.72,100,0.36,100,0,3.23,55.56,11.47,25,2.51,2.15,0.36,5.02,1.79,1.08,13.63,81.58,1.79,80,3.23,66.67,6.1,82.35,12.55,80,0,0,17.1,0,0.15,0.36,0,0,0,0,0.36,0.72,100,1.08,100,0,0,0.36,1.08,2.15,83.33,0,,0,,0,0,0,0,,,0,,,0,0,0,0,0,0
J. Alabi,Maidstone United,CF,27,0,2023-06-30,11,515,2,1.01,0,0.23,41.59,30.67,England,"England, Ghana",right,185,75,no,3.15,3.84,63.64,6.99,22.5,0.17,0.28,0,0.52,0.83,1.75,1,0.17,0,0,2.8,0.35,2,0.35,0.18,1,0.17,8,1.4,50,25,0,1.05,0,0,0,0.87,0,0,3.67,57.14,18.17,36.54,2.27,1.05,0.17,5.07,1.05,2.45,12.58,79.17,1.57,33.33,5.24,93.33,2.27,61.54,11.53,86.36,0.17,0,11.05,4.21,0.04,0.35,0.17,0,0,0,0,0.35,0,0.7,50,0,0,0.35,0.35,0.35,0,0,,0,,0,0,0,0,,,0,,,0,0,0,0,0,0
J. Barham,Maidstone United,CF,26,0,2023-06-30,12,943,3,5.55,0,0.53,28.44,26.17,England,England,right,177,71,no,3.15,2.77,62.07,13.65,18.18,0,0,0.1,1.43,2.23,0.76,0,0,0,0,2.39,0.29,3,0.29,0.53,1,0.1,23,2.2,56.52,13.043,0,0.95,30,0.1,100,0.76,12.5,0,1.34,64.29,7.06,29.73,2.67,0.76,0.19,9.26,3.24,1.53,12.03,57.94,2.67,32.14,3.34,82.86,3.24,52.94,10.78,61.95,0.29,0,15.74,12.05,0.05,0.38,0,0,0,0,0.19,1.24,23.08,0.67,28.57,0,0,0.1,0.29,0.67,71.43,0,,0,,0,0,0,0,,,0,,,0,0,0,0,1,0
C. Pattison,Maidstone United,"RAMF, RW, CF",25,0,2023-06-30,13,985,1,1.57,3,2.06,25.58,38.21,England,England,,0,0,no,5.39,3.11,82.35,6.76,25.68,0.09,0.15,0.09,2.74,4.37,0.18,0,0,0,0,4.93,0.09,1,0.09,0.14,1,0.09,14,1.28,42.86,7.143,0.27,4.02,22.73,0,0,4.02,22.73,0.73,5.39,64.41,12.7,38.85,3.29,1.37,0.73,9.96,2.01,0.73,18.55,61.08,5.21,54.39,4.2,93.48,4.75,50,13.34,75.34,1.28,35.71,15.65,15.14,0.19,0.64,0,0,0,0,0.37,1.37,26.67,2.19,29.17,0.09,0,0.55,0.91,2.01,72.73,0,,0,,0,0,0,0,,,0.09,,,0,0,0,0.18,0,0
A. Asante,Chesterfield,"CF, AMF",30,0,,9,566,4,2.28,1,0.22,21.31,32.84,Netherlands,Netherlands,right,183,83,no,2.7,2.39,33.33,5.09,40.63,0.16,0.26,0,1.75,2.89,0.8,0,0,0,0,2.86,0.64,4,0.64,0.36,1,0.16,14,2.23,42.86,28.571,0.16,0.8,0,0.32,0,0.32,0,0,3.02,57.89,10.81,30.88,4.77,1.11,0,10.81,1.75,0.32,19.08,74.17,5.88,62.16,5.41,88.24,3.66,73.91,18.13,78.07,0.16,0,14.96,3.78,0.04,0.48,0,0,0.32,50,0.16,2.54,75,1.59,50,0.16,0,0.95,0,2.7,70.59,0,,0,,0,0,0,0,,,0,,,0,0,0,0,0,0
K. Tshimanga,Chesterfield,CF,25,0,2024-06-30,8,383,3,0.58,0,0.14,14.1,26.67,Congo DR,"Congo DR, England",right,180,78,no,1.41,1.64,57.14,3.05,38.46,0,0,0,0.47,0.95,0.7,0,0,0,0,2.11,0.7,3,0.7,0.14,1,0.23,7,1.64,85.71,42.857,0,0.7,33.33,0,0,0.7,33.33,0,0.47,100,4.23,22.22,2.82,0.23,0.23,7.28,2.11,0.47,10.1,79.07,1.88,75,3.76,81.25,1.17,80,9.4,82.5,0,0,11.98,0,0.03,0.47,0,0,0.23,0,0,0,0,0.47,50,0.23,0,0.7,0.23,0.7,100,0,,0,,0,0,0,0,,,0,,,0,0,0,0,0,0
J. Quigley,Chesterfield,CF,25,0,2024-06-30,13,1116,2,5.33,3,1.03,31.77,39.34,England,"England, Republic of Ireland",right,193,83,no,1.94,1.85,47.83,8.71,50.93,0,0,0,1.05,1.69,1.05,0,0,0,0,3.71,0.16,2,0.16,0.43,0,0,38,3.06,44.74,5.263,0.24,0.65,50,0.16,50,0.48,50,0.08,4.19,48.08,12.34,30.72,4.27,1.13,0.08,5.89,2.26,1.05,12.74,78.48,2.82,77.14,2.66,84.85,3.87,81.25,11.77,79.45,0.4,100,14.29,13.97,0.08,0.97,0,0,0,0,0.32,1.13,57.14,1.13,71.43,0,0,1.05,0.24,1.45,94.44,0,,0,,0,0,0,0,,,0,,,0,0,0,0,0,0
J. Scrimshaw,Yeovil Town,"CF, AMF",22,0,2024-06-30,4,86,0,0.1,0,0,29.3,25,England,England,,0,0,no,6.28,10.47,50,7.33,0,0,0,0,1.05,1.67,2.09,1,1.05,0,0,1.05,0,0,0,0.11,0,0,1,1.05,100,0,0,0,0,0,0,0,0,0,1.05,0,4.19,0,3.14,2.09,0,4.19,0,0,7.33,100,3.14,100,3.14,100,0,0,7.33,100,0,0,9.69,0,0,0,0,0,0,0,0,1.05,100,0,0,0,0,1.05,0,2.09,100,0,,0,,0,0,0,0,,,0,,,0,0,0,0,0,0
W. Dawes,Yeovil Town,"LW, CF",22,0,,1,58,0,0,0,0,32.59,42.86,England,England,,0,0,no,10.86,12.41,50,3.1,50,1.55,1.36,0,3.1,2.73,1.55,0,0,0,0,0,0,0,0,0,0,0,0,0,0,0,0,3.1,0,1.55,0,1.55,0,1.55,0,0,9.31,33.33,0,3.1,1.55,13.97,3.1,1.55,18.62,25,6.21,0,0,0,6.21,50,12.41,25,3.1,50,22.09,49.83,0,0,0,0,0,0,0,4.66,33.33,3.1,0,0,0,0,0,4.66,66.67,0,,0,,0,0,0,0,,,0,,,0,0,0,0,0,0
C. Wakefield,Yeovil Town,"RWB, CF, RAMF",24,0,2023-06-30,12,956,0,0.74,0,0.55,16.19,43.6,England,England,right,184,72,no,4.14,3.39,63.89,2.64,46.43,0.38,0.5,0,1.6,2.11,0.66,2,0.19,0,0,3.29,0,0,0,0.07,0,0,13,1.22,30.77,0,0,2.54,37.04,0.38,50,2.17,34.78,0.47,3.95,50,8.47,38.89,1.79,1.41,0.56,12.62,1.88,0.66,19.3,70.24,4.71,46,5.08,96.3,5.65,76.67,15.25,79.01,1.79,36.84,21.52,45.22,0.05,0.75,0,0,0.09,0,0.38,2.07,45.45,1.88,50,0.19,0,0.28,1.04,3.11,60.61,0,,0,,0,0,0,0,,,0.09,,,0,0,0,0,0,0
A. Dallas,Solihull Moors,"LAMF, CF, LW",23,0,2023-06-30,13,1160,7,5.69,7,2.8,25.37,30.89,Scotland,Scotland,right,178,79,no,4.66,4.19,53.7,4.27,14.55,0.16,0.25,0.16,2.25,3.63,1.32,2,0.16,0,0,3.41,0.54,5,0.39,0.44,1,0.08,29,2.25,62.07,24.138,0.54,1.24,37.5,0.47,33.33,0.78,40,0.23,2.95,50,12.72,29.88,5.59,1.47,0.78,16.37,1.09,1.71,22.03,77.82,3.18,56.1,6.75,94.25,6.75,71.26,19.78,81.96,1.01,46.15,15.63,15.6,0.22,0.85,0,0.08,0.31,25,0.78,1.01,69.23,1.32,47.06,0.08,0,0.93,0.23,1.86,58.33,0,,0,,0,0,0,0,,,0.16,,,0,0,0,0,2,100
J. Kelly,Solihull Moors,CF,23,0,2025-06-30,13,917,3,2.59,2,0.74,21.3,37.33,England,England,right,181,78,no,5.5,4.12,59.52,2.16,18.18,0.59,0.94,0,2.45,3.93,1.47,0,0,0,0,3.44,0.29,3,0.29,0.25,0,0,21,2.06,47.62,14.286,0.2,1.57,37.5,0.29,0,1.18,41.67,0,4.32,40.91,10.31,35.24,3.93,1.86,0.29,11.48,0.98,1.18,16.98,75.14,3.83,53.85,4.91,94,4.51,65.22,14.72,80,0.88,44.44,16.65,19.77,0.07,1.08,0.1,0.1,0.1,100,0.39,2.16,54.55,1.18,50,0.2,50,1.28,0.49,1.77,72.22,0,,0,,0,0,0,0,,,0,,,0.39,0.39,75,0,0,0
A. Reid,Solihull Moors,CF,27,0,2023-06-30,11,498,6,3.7,1,0.48,26.2,23.45,England,England,left,192,76,no,1.63,3.61,40,6.69,18.92,0,0,0,0.18,0.3,1.08,1,0.18,0,0,2.71,1.08,6,1.08,0.67,1,0.18,19,3.43,42.11,31.579,0.18,1.08,16.67,0.36,0,0.72,25,0,2.17,50,9.4,25,5.6,0.36,0.54,9.94,1.99,0.9,13.92,71.43,3.07,58.82,4.16,91.3,3.98,81.82,12.65,75.71,0.18,100,16.44,3.64,0.09,0.72,0,0,0,0,0.36,0.72,75,1.08,66.67,0,0,1.27,0.18,0.9,100,0,,0,,0,0,0,0,,,0,,,0,0,0,0,0,0
A. Rutherford,Dorking Wanderers,CF,24,0,2024-06-30,7,547,2,0.67,0,0.35,23.86,29.66,England,England,,0,0,no,2.8,2.63,50,7.24,45.45,0.16,0.3,0.33,1.32,2.4,0.66,0,0,0,0,1.65,0.33,2,0.33,0.11,1,0.16,5,0.82,60,40,0,0.66,75,0.33,100,0.33,50,0.16,2.47,26.67,10.37,17.46,2.63,0.82,0.82,9.21,2.96,0.66,13.82,72.62,2.96,44.44,3.62,90.91,3.62,72.73,12.5,72.37,0.66,75,17.28,10.58,0.06,0.49,0,0,0,0,0.16,1.65,40,1.15,71.43,0,0,0.49,0.49,1.97,66.67,0,,0,,0,0,0,0,,,0,,,0,0,0,0,0,0
R. Korboa,Woking,"LW, RW, CF",26,0,2024-06-30,7,218,0,0.2,0,0.04,32.61,43.04,England,England,,0,0,no,5.37,6.19,46.67,6.61,37.5,0.41,0.71,0,2.06,3.57,0.83,0,0,0,0,4.95,0,0,0,0.08,0,0,6,2.48,16.67,0,0,3.3,37.5,2.48,50,0.83,0,0.41,6.19,53.33,14.45,42.86,4.54,2.89,1.65,17.34,1.24,1.65,26.83,64.62,10.32,56,4.54,90.91,4.95,50,19.4,76.6,4.54,27.27,18.12,20.59,0.02,0.83,0,0.41,0.41,0,0,2.06,40,2.89,71.43,0.41,0,0,1.65,4.54,72.73,0,,0,,0,0,0,0,,,0,,,0,0,0,0,0,0
P. Amond,Woking,"CF, AMF",34,0,2024-06-30,13,1207,0,3.92,4,2.4,23.71,32.39,Republic of Ireland,Republic of Ireland,right,180,75,no,3.5,3.95,69.81,9.77,27.48,0.07,0.11,0,0.67,1.02,0.45,1,0.07,0,0,2.09,0,0,0,0.29,0,0,27,2.01,33.33,0,0.3,2.09,39.29,0.75,40,1.27,35.29,0.45,0.97,38.46,5.37,23.61,4.1,0.52,0.15,11.04,3.13,0.3,19.83,59.02,5.14,37.68,5.44,78.08,5,62.69,16.26,64.68,1.49,25,16.36,30.4,0.18,1.19,0.07,0,0.22,100,0.75,1.94,42.31,2.24,50,0.22,100,1.04,0.82,2.46,69.7,0,,0,,0,0,0,0,,,0,,,0,0,0,0.22,0,0
K. Mitchell,Notts County,"CF, AMF",24,0,2023-06-30,10,267,2,1.51,0,0.35,32.02,36.84,England,"England, Grenada",right,186,0,no,3.71,3.37,60,12.81,42.11,0,0,0,1.69,3.49,2.02,1,0.34,0,0,2.02,0.67,2,0.67,0.51,0,0,13,4.38,30.77,15.385,0,0,0,0,0,0,0,0,1.35,50,9.1,29.63,3.71,0.67,0.34,8.43,1.35,2.36,9.44,78.57,2.02,83.33,3.37,90,2.7,50,9.1,81.48,0.34,0,12.07,3.67,0.12,1.35,0,0,0,0,0.67,0.67,50,1.01,66.67,0,0,1.01,0,0.67,100,0,,0,,0,0,0,0,,,0,,,0,0,0,0,0,0
H. Panayiotou,Aldershot Town,"CF, LWF",27,0,2023-06-30,8,362,0,0.1,0,0.02,16.66,26.87,England,"England, St. Kitts and Nevis",right,178,72,no,2.98,2.24,44.44,3.48,28.57,0.5,0.55,0,1.49,1.64,1.74,1,0.25,0,0,0.25,0,0,0,0.03,0,0,1,0.25,0,0,0,0.5,0,0.5,0,0,0,0,0.5,50,6.22,20,0.99,0.75,0.25,8.45,0.5,0.75,14.17,68.42,2.73,54.55,5.47,77.27,3.98,68.75,13.18,71.7,0.5,50,12.36,5.57,0,0.25,0,0,0,0,0,1.24,80,0.99,0,0.25,0,0,0,1.24,40,0,,0,,0,0,0,0,,,0,,,0,0,0,0,0,0
C. Lavery,Scunthorpe United,"CF, LW",29,0,2023-01-01,4,348,1,1.11,2,0.58,26.38,29.41,Canada,"Canada, Northern Ireland",right,180,76,no,3.62,3.88,40,8.02,35.48,0.26,0.32,0,1.81,2.26,1.29,1,0.26,0,0,2.07,0.26,1,0.26,0.29,0,0,12,3.1,8.33,8.333,0.52,1.81,28.57,1.29,40,0.52,0,0.26,4.14,31.25,10.86,26.19,3.88,0.26,0.26,13.97,2.33,0.78,21.72,66.67,4.66,61.11,3.62,78.57,7.76,66.67,19.66,69.74,0.26,100,15.06,4.94,0.15,1.03,0,0,0.26,0,0.78,1.81,57.14,2.59,50,0.26,0,0.52,0.52,2.07,87.5,0,,0,,0,0,0,0,,,0,,,0,0,0,0,0,0
J. Luamba,Oldham Athletic,CF,19,0,2023-06-30,11,299,0,0.16,0,0.2,27.09,30,England,England,,0,0,no,3.01,3.01,60,8.43,17.86,0,0,0,1.2,2.07,2.11,1,0.3,0,0,1.81,0,0,0,0.05,0,0,4,1.2,0,0,0,0.3,0,0,0,0.3,0,0,2.71,66.67,9.63,25,2.11,0.9,0.6,10.23,3.61,0.9,14.45,75,2.11,85.71,2.71,88.89,6.62,63.64,14.15,76.6,0,0,12.89,0,0.06,0.3,0,0,0,0,0.3,1.81,50,0.3,100,0,0,0.3,0,1.51,40,0,,0,,0,0,0,0,,,0,,,0,0,0,0,0,0
J. Rooney,Oldham Athletic,"CF, LW, LCMF",31,0,2024-06-30,3,270,0,0.15,0,0.08,13.67,43.9,England,"England, Republic of Ireland",right,180,77,no,6.33,5.33,50,1.33,25,1,1.38,0.33,2.67,3.69,1,0,0,0,0,1.33,0,0,0,0.05,0,0,5,1.67,20,0,0,0.67,0,0.67,0,0,0,0.33,2,50,4.33,30.77,1,0.67,0,23.67,0.67,0.33,32,72.92,13,53.85,4.67,100,10,80,26.67,80,4.67,42.86,22.16,48.27,0.03,0.67,0,0,1,0,0,9.67,41.38,1.33,25,1,0,0.67,0,3.67,90.91,0,,0,,0,0,0,0,,,0.33,,,0.33,0.33,100,0,0,0
J. Nuttall,Scunthorpe United,CF,25,0,2023-06-30,13,1272,7,6.13,1,0.97,37.36,32.77,England,England,right,182,72,no,5.24,3.89,60,13.16,41.4,0.07,0.11,0.14,2.83,4.26,1.49,4,0.28,0,0,1.63,0.5,4,0.28,0.43,1,0.07,38,2.69,31.58,18.421,0.07,0.57,12.5,0.07,0,0.5,14.29,0.07,1.77,40,11.6,20.73,3.18,0.57,0.14,11.32,2.41,0.78,19.81,75.71,4.1,46.55,6.16,95.4,4.95,67.14,18.89,77.9,0.42,50,14.72,14.6,0.07,0.85,0,0,0,0,0.14,1.7,62.5,1.42,30,0,0,0.71,0.07,1.98,57.14,0,,0,,0,0,0,0,,,0,,,0.14,0.14,0,0,4,75
M. Fondop,Oldham Athletic,CF,28,0,2023-06-30,13,926,2,2.44,0,0.88,36.93,44.74,Cameroon,"Cameroon, England",left,190,75,no,3.98,3.3,52.94,16.81,50.29,0.29,0.42,0.1,1.94,2.8,2.14,2,0.19,0,0,2.04,0.19,2,0.19,0.24,0,0,18,1.75,27.78,11.111,0,0.78,25,0.68,28.57,0.1,0,0.1,1.56,75,11.66,34.17,2.53,1.07,0.29,10.98,3.69,1.36,19.24,71.21,3.6,45.95,5.44,82.14,5.73,71.19,17.79,73.22,0.68,71.43,16.5,14.28,0.09,0.58,0.1,0,0.39,50,0,1.94,30,1.17,8.33,0.29,33.33,0.19,0.19,0.78,62.5,0,,0,,0,0,0,0,,,0.1,,,0,0,0,0,0,0
C. Porter,Oldham Athletic,CF,38,0,,3,189,1,0.67,0,0,32.86,36.23,England,England,right,185,83,no,3.33,1.43,33.33,18.57,41.03,0,0,0,2.86,3.83,0.48,0,0,0,0,2.38,0.48,1,0.48,0.32,0,0,4,1.9,75,25,0,0,0,0,0,0,0,0,1.43,66.67,5.24,27.27,1.9,0.48,0,9.05,4.76,0.48,13.81,65.52,5.71,41.67,3.81,75,1.9,75,13.81,65.52,0,0,13.93,0,0,0,0,0,0,0,0,1.9,75,1.43,66.67,0,0,0.95,0,1.9,50,0,,0,,0,0,0,0,,,0,,,0,0,0,0,0,0
O. Palmer,Wrexham,CF,30,0,2025-06-30,13,1189,8,5.79,2,0.61,36.44,40.09,England,England,right,196,92,no,4.95,3.49,62.79,14.28,43.75,0.49,0.77,0.24,2.27,3.61,1.46,4,0.3,0,0,3.49,0.61,7,0.57,0.47,2,0.16,39,3.17,33.33,17.949,0.16,1.46,22.22,0.49,33.33,0.89,18.18,0.08,3.08,57.89,12.01,37.16,4.71,1.7,0.41,11.2,2.11,1.38,18.99,71.37,4.22,55.77,3.9,89.58,6.17,73.68,16.23,79.5,1.3,25,16.88,26.77,0.05,0.73,0.24,0,0.73,44.44,0.49,2.11,57.69,1.7,47.62,0.89,36.36,0.57,0.32,2.84,71.43,0,,0,,0,0,0,0,,,0.08,,,0,0,0,0,0,0
E. Lee,Wrexham,"AMF, CF, RCMF",27,0,2025-06-30,13,521,4,2.52,4,0.95,22.59,54.03,England,England,right,180,72,no,5.47,5.1,60.71,2.37,38.46,0.18,0.31,0.18,2.19,3.71,1.82,3,0.52,0,0,7.11,0.69,4,0.73,0.46,0,0,20,3.64,55,20,0.73,2.91,43.75,1.28,42.86,1.46,50,0.55,5.1,64.29,11.84,52.31,5.1,3.46,1.09,21.68,0.55,1.09,35.53,74.87,11.66,59.38,6.56,91.67,9.84,79.63,31.15,79.53,1.64,44.44,16.25,22.83,0.17,1.82,0,0,1.46,37.5,1.28,4.01,50,4.19,65.22,0.91,20,3.1,1.09,6.19,85.29,0,,0,,0,0,0,0,,,0.18,,,0.18,0,0,0,0,0
P. Mullin,Wrexham,CF,27,0,2024-06-30,13,1174,11,7.84,2,1.51,19.68,43.46,England,England,right,178,70,no,3.49,3.57,65.12,3.9,27.66,0.42,0.67,0.08,0.75,1.21,1,1,0.08,0,0,5.06,0.84,7,0.58,0.65,2,0.17,42,3.49,50,23.81,0.17,2.16,57.69,0.91,63.64,1.25,53.33,0.42,2.66,65.63,7.64,42.39,3.99,1.58,0.17,13.12,2.08,1,18.27,73.18,3.65,56.82,4.48,85.19,6.23,77.33,14.28,77.91,1.91,56.52,17.6,36.89,0.13,1.25,0,0.08,0.83,40,0.58,1.83,68.18,2.49,66.67,1,16.67,1.41,1.08,2.91,88.57,0,,0,,0,0,0,0,,,0.08,,,0,0,0,0.17,3,100
N. Kabamba,Barnet,CF,29,0,2023-06-30,13,1268,9,5.46,1,0.79,35.42,30.06,England,England,right,191,75,no,4.26,2.48,62.86,13.49,30.53,0.14,0.21,0.21,2.56,3.82,0.85,1,0.07,0,0,1.35,0.64,9,0.64,0.39,3,0.21,32,2.27,37.5,28.125,0.07,0.14,0,0.07,0,0.07,0,0,1.06,33.33,8.94,23.81,2.98,0.64,0.14,7.31,2.56,0.57,13.49,62.11,5.11,38.89,2.91,85.37,2.41,73.53,13.2,63.44,0.14,0,15.05,5.75,0.06,0.5,0.14,0,0.35,40,0.28,1.92,48.15,0.85,50,0.35,20,0.5,0,1.63,60.87,0,,0,,0,0,0,0,,,0,,,0,0,0,0,0,0
K. Flanagan,Barnet,"AMF, RW, CF",23,0,2023-06-30,4,129,0,0,0,0.01,21.63,38.71,England,"England, Republic of Ireland",right,179,72,no,4.88,7.67,36.36,2.09,66.67,0,0,0,2.09,3,2.79,0,0,0,0,0.7,0,0,0,0,0,0,0,0,0,0,0,2.09,0,1.4,0,0.7,0,0.7,1.4,50,9.07,38.46,2.09,2.09,1.4,17.44,0.7,1.4,21.63,74.19,4.19,50,4.19,100,7.67,63.64,18.14,84.62,2.09,33.33,14.21,20.39,0.01,0.7,0,0,0,0,0,1.4,50,1.4,0,0,0,0,0,0,0,0,,0,,0,0,0,0,,,0,,,0,0,0,0,0,0
S. Dalby,Wrexham,CF,22,0,2024-06-30,10,151,1,0.4,1,0.18,33.19,28.85,England,England,left,190,78,no,6.38,2.55,25,9.57,40,1.91,3.46,0,3.83,6.92,1.91,0,0,0,0,1.28,0.6,1,0.64,0.25,0,0,3,1.91,33.33,33.333,0.64,0,0,0,0,0,0,0,0.64,100,10.85,17.65,4.47,0.64,0.64,12.77,1.28,0.64,18.51,75.86,1.28,50,7.02,81.82,4.47,85.71,17.87,75,0.64,100,13.94,5.51,0.12,1.28,0,0,0.64,0,0.64,1.28,50,0.64,100,0.64,0,0.64,0,1.28,50,0,,0,,0,0,0,0,,,0,,,0,0,0,0,0,0
M. Duku,York City,CF,29,0,2024-06-30,6,239,1,0.34,0,0,32.01,43.53,Netherlands,"Netherlands, Ghana",right,188,75,no,7.53,3.77,80,12.8,50,1.88,2.83,0,2.64,3.96,0.75,1,0.38,0,0,1.88,0.38,1,0.38,0.13,1,0.38,5,1.88,20,20,0,0.38,0,0,0,0.38,0,0.38,4.14,36.36,7.91,33.33,1.88,0.75,0.75,8.28,1.88,1.51,12.05,62.5,2.26,50,4.14,90.91,3.39,44.44,11.67,64.52,0,0,11.65,0,0,0,0,0,0,0,0,0.38,100,1.51,50,0,0,0.38,0.38,2.64,42.86,0,,0,,0,0,0,0,,,0,,,0.38,0.38,0,0.38,0,0
H. Hope,Oldham Athletic,"CF, LW",28,0,2023-06-30,7,661,3,2.09,0,0.67,20.42,40.67,England,"England, Barbados",right,179,76,no,4.77,4.49,69.7,3.68,14.81,0.27,0.38,0.14,1.36,1.92,0.95,0,0,0,0,3,0.41,3,0.41,0.28,0,0,14,1.91,50,21.429,0,1.36,20,0.54,25,0.82,16.67,0.14,3,59.09,8.71,39.06,4.49,1.36,0.27,12.93,1.77,1.23,19.61,79.86,3,77.27,7.22,94.34,3.95,68.97,18.11,84.96,0.14,0,14.13,5.73,0.09,0.54,0,0,0,0,0.27,0.95,85.71,1.09,37.5,0,0,0.68,0.27,0.54,75,0,,0,,0,0,0,0,,,0,,,0,0,0,0,0,0
J. McShane,Dorking Wanderers,"CF, LCMF, RCMF",31,0,,13,1106,10,5.49,0,0.89,13.75,40.24,England,England,unknown,0,0,no,5.29,4.8,62.71,1.87,21.74,0.41,0.74,0.08,1.87,3.38,0.81,2,0.16,0,0,2.03,0.81,10,0.81,0.45,0,0,30,2.44,46.67,33.333,0,0.81,60,0.24,33.33,0.57,71.43,0.24,0.98,41.67,4.39,25.93,3.66,0.33,0.24,15.71,0.81,0.57,26.77,77.2,6.92,56.47,6.1,90.67,9.36,82.61,23.19,81.75,2.77,44.12,18.56,30.83,0.07,0.9,0,0,0.08,0,0.16,3.42,59.52,1.46,50,0.24,33.33,0.73,0.33,3.09,65.79,0,,0,,0,0,0,0,,,0.16,,,0.08,0.08,0,1.38,0,0
H. Ottaway,Dorking Wanderers,CF,22,0,,6,493,0,1.59,1,0.92,36.33,36.68,England,England,,0,0,no,3.29,2.01,63.64,17.53,40.63,0.18,0.33,0.18,1.83,3.3,0.91,0,0,0,0,2.19,0,0,0,0.29,0,0,11,2.01,63.64,0,0.18,0.55,66.67,0,0,0.55,66.67,0.18,0.73,50,8.4,34.78,4.93,0.37,0,11.14,3.1,2.01,15.52,55.29,4.02,31.82,3.29,72.22,2.92,43.75,14.24,56.41,0.73,25,14.55,17.67,0.17,0.91,0.18,0,0.37,50,0.55,1.83,20,1.1,33.33,0,0,0.73,0.37,1.83,30,0,,0,,0,0,0,0,,,0,,,0,0,0,0,0,0
J. Hulme,Altrincham,CF,31,0,2023-06-30,7,440,0,0.47,0,0.09,27.41,32.09,England,England,right,183,0,no,3.68,3.27,62.5,6.75,27.27,0.2,0.33,0,1.43,2.31,2.05,3,0.61,0,0,3.48,0,0,0,0.1,0,0,5,1.02,80,0,0,0.2,0,0,0,0.2,0,0.2,5.11,48,9.61,34.04,2.25,1.02,0.41,5.11,0.41,0.82,7.16,71.43,3.48,70.59,1.64,87.5,1.64,50,5.32,76.92,1.64,62.5,13.25,12.42,0.02,0.2,0,0,0.2,100,0,1.23,83.33,1.02,60,0.2,100,0.41,0,2.25,72.73,0,,0,,0,0,0,0,,,0,,,0,0,0,0,0,0
R. Seager,Dorking Wanderers,CF,26,0,2023-06-30,13,924,4,4.35,1,0.83,16.17,28.92,England,England,right,175,75,no,1.95,2.24,56.52,4.48,21.74,0.1,0.16,0,0.58,0.97,0.29,0,0,0,0,2.44,0.39,3,0.29,0.42,1,0.1,28,2.73,60.71,14.286,0.1,0.39,25,0.29,33.33,0.1,0,0,0.97,60,6.62,27.94,3.51,0.29,0.19,8.86,1.56,0.29,15.19,79.49,2.92,50,5.26,92.59,3.6,83.78,14.51,81.88,0.29,33.33,14.86,2.67,0.08,0.78,0,0,0.29,33.33,0.39,1.27,61.54,0.39,50,0.19,50,0.58,0.1,1.46,60,0,,0,,0,0,0,0,,,0,,,0,0,0,0,2,50
M. Dinanga,Altrincham,CF,24,0,2023-06-30,13,838,3,3.98,1,0.22,20.51,32.46,England,England,,180,78,no,1.93,1.61,53.33,7.2,29.85,0,0,0.21,1.07,1.53,0.86,0,0,0,0,1.72,0.32,3,0.32,0.43,0,0,21,2.26,42.86,14.286,0.11,0.21,100,0.11,100,0.11,100,0,0.86,50,6.98,30.77,3.54,0.43,0.32,9.99,2.68,0.86,13.1,79.51,1.18,63.64,6.66,83.87,2.68,84,12.67,79.66,0.21,50,12.3,5.81,0.02,0.32,0,0,0.11,100,0.11,0.64,50,0.21,50,0.11,100,0.21,0.21,0.75,42.86,0,,0,,0,0,0,0,,,0.11,,,0,0,0,0,0,0
S. Akinola,Wealdstone,CF,30,0,,1,26,1,0.43,0,0,,,Nigeria,"Nigeria, England",right,181,81,no,,,,,,,0,,,0,,0,,0,,,,1,,,1,,2,,,50,,,,,,,,,,,,,,,,,,,,,,,,,,,,,,,17.53,0,,,,,,,,,,,,,,,,,,0,,0,,0,0,0,,,,,,,,,,,0,0
